Type,Name,Header
Talk,T1,"./generated_talks.html#t1-a-novel,-evolutionary-conserved-peptide-regulates-cell-proliferation"
Talk,T2,./generated_talks.html#t2-a-developmental-viewpoint-of-maize-ear-inflorescence-domestication-at-single-cell-resolution
Talk,T3,./generated_talks.html#t3-new-regulators-and-elements-shaping-maize-inflorescence-architecture-and-their-applications
Talk,T4,./generated_talks.html#t4-specification-of-the-maize-embryonic-shoot-stem-cell-niche-via-hierarchical-morphogenic-signals
Talk,T5,./generated_talks.html#t5-shared-regulatory-logic-between-inflorescence-and-brace-root-development
Talk,T6,./generated_talks.html#t6-grasses-as-a-single-genetic-system-a-strategy-for-synthetic-biology-of-large-genome-grasses
Talk,T7,./generated_talks.html#t7-shortcuts-to-success-how-large-scale-genotyping-benefits-the-maize-community
Talk,T8,./generated_talks.html#t8-revisiting-the-functional-features-of-maize-dispensable-genes-and-the-key-factors-underlying-their-dispensability
Talk,T9,./generated_talks.html#t9-the-pangenome-graph-construction-of-zea-genus
Talk,T10,./generated_talks.html#t10-demographics-of-maize-adaptation
Talk,T11,./generated_talks.html#t11-designing-interpretable-ai-models-to-identify-drivers-of-maize-phenotypic-plasticity
Talk,T12,"./generated_talks.html#t12-computational-method-for-spatial-metabolite-analysis-reveals-distinct-developmental-patterns-in-maize-roots,-identifying-candidates-for-developmental-and-stress-responses"
Talk,T13,./generated_talks.html#t13-genetic-determinants-and-regulatory-mechanisms-governing-rhizosphere-microbiome-assembly-in-maize
Talk,T14,./generated_talks.html#t14-zmnags-enhances-maize-kernel-size-and-grain-yield-through-increasing-photosynthesis-and-starch-content
Talk,T15,./generated_talks.html#t15-from-kernel-to-kitchen-targeting-free-asparagine-to-reduce-acrylamide-formation-in-corn-based-foods
Talk,T16,./generated_talks.html#t16-a-gap-free-telomere-to-telomere-maize-genome-reveals-long-non-coding-rna–mediated-chromatin-regulation-during-anther-development
Talk,T17,./generated_talks.html#t17-single-molecule-methylation-profiling-at-the-repetitive-b1-paramutation-locus-in-maize
Talk,T18,./generated_talks.html#t18-the-maize-10-maze-project-science-communication-featuring-an-educational-public-chromosome-map-garden-of-maize-mutants
Talk,T19,./generated_talks.html#t19-form-follows-function-genetic-modulation-of-leaf-area-and-canopy-structure
Talk,T20,./generated_talks.html#t20-how-should-we-compare-canopy-architecture-in-maize
Talk,T21,"./generated_talks.html#t21-low-cost,-scalable-leaf-imaging-and-computer-vision-approaches-enable-quantitative-genetic-studies-of-disease-response-and-morphological-features-across-environments"
Talk,T22,./generated_talks.html#t22-why-doesn't-corn-recycle-nitrogen-insights-from-perennial-grass-senescence
Talk,T23,./generated_talks.html#t23-combining-grf-gif-chimeras-with-a-non-integrating-wus2-strategy-to-improve-maize-zea-mays-l-transformation-frequency
Talk,T24,./generated_talks.html#t24-evaluation-of-transgenerational-gene-editing-efficiency-and-inheritance-of-edits-using-a-split-cas9/grna-crossing-system-in-zea-mays
Talk,T25,./generated_talks.html#t25-genome-editing-accelerates-flowering-in-tropical-maize
Talk,T26,./generated_talks.html#t26-the-peri-germ-cell-membrane-a-gateway-to-haploid-embryo-induction
Talk,T27,./generated_talks.html#t27-super-resolution-expansion-microscopy-exm-reveals-meiotic-recombination-intermediates-in-maize
Talk,T28,./generated_talks.html#t28-rewiring-an-spx-ligase-enhances-cold-resilience-and-phosphate-efficiency-in-maize
Talk,T29,./generated_talks.html#t29-confirmation-of-two-candidate-genes-involved-in-chilling-tolerance-in-maize
Talk,T30,./generated_talks.html#t30-navigating-complexity-breeding-for-resilience-under-a-changing-climate
Poster,P1,./generated_poster_list.html#p1-a-role-for-rddm-in-susceptibility-to-paramutation-at-the-maize-booster1-locus
Poster,P2,./generated_poster_list.html#p2-an-epigenetic-basis-for-inbreeding-depression-in-maize
Poster,P3,./generated_poster_list.html#p3-beyond-flavonoid-pigmentation-ufo1-links-epigenetic-regulation-and-redox-homeostasis-during-maize-endosperm-development
Poster,P4,./generated_poster_list.html#p4-characterization-of-two-epigenetically-regulated-abi3-vp1-transcription-factors-in-zea-mays-maize
Poster,P5,./generated_poster_list.html#p5-characterizing-chromatin-accessibility-of-long-terminal-repeat-retrotransposons-in-response-to-cold-stress-in-maize
Poster,P6,./generated_poster_list.html#p6-co-expression-analysis-unveils-the-roles-of-long-terminal-repeat-retrotransposons-in-maize-developmental-regulation
Poster,P7,./generated_poster_list.html#p7-detecting-activity-of-hopscotch-family-long-terminal-repeat-retrotransposons-in-zea-mays
Poster,P8,./generated_poster_list.html#p8-does-active-dna-demethylation-drive-epigenetic-silencing-in-pollen
Poster,P9,./generated_poster_list.html#p9-genome-wide-resolution-of-long-terminal-repeat-retrotransposon-promoters-and-their-tissue-specific-regulatory-programs
Poster,P10,./generated_poster_list.html#p10-helitron-mediated-expansion-of-endosperm-regulatory-binding-sites-in-maize
Poster,P11,./generated_poster_list.html#p11-how-transposable-elements-preserve-heterozygosity-during-inbreeding-in-maize
Poster,P12,./generated_poster_list.html#p12-identification-of-regulatory-genes-involved-in-rna-directed-dna-methylation-mediated-regulation-of-responses-to-abiotic-stress-in-zea-mays-maize
Poster,P13,./generated_poster_list.html#p13-single-molecule-methylation-profiling-at-the-repetitive-b1-paramutation-locus-in-maize
Poster,P14,./generated_poster_list.html#p14-tes-in-the-“metagenome”-a-kmer-based-approach-to-estimate-te-abundance-from-short-reads
Poster,P15,./generated_poster_list.html#p15-bzea-a-diverse-teosinte-introgression-population-for-improving-modern-maize-sustainability
Poster,P16,./generated_poster_list.html#p16-booster-cistrome-and-transcriptome-comparative-genomics-among-species-with-markedly-drought-tolerance-differences
Poster,P17,./generated_poster_list.html#p17-comparative-grass-genomics-reveals-explosive-genome-evolution-in-maize-and-its-wild-relatives
Poster,P18,./generated_poster_list.html#p18-convergent-genome--and-gene-level-constraints-shape-repeated-environmental-adaptation-in-grasses
Poster,P19,./generated_poster_list.html#p19-diversity-of-root-system-architecture-and-aquaporin-in-response-to-low-nitrogen-in-maize-landraces
Poster,P20,./generated_poster_list.html#p20-gwas-study-of-epistatic-interactions-with-semidominant-mutants-establishes-the-molecular-identities-and-pathways-affected-by-natural-variants
Poster,P21,./generated_poster_list.html#p21-genetic-characterization-of-united-states-and-canadian-heirloom-maize-seed-bank
Poster,P22,./generated_poster_list.html#p22-genetic-diversity-and-population-structure-in-sweet-corn
Poster,P23,./generated_poster_list.html#p23-genetic-legacies-of-the-first-ancient-south-american-state-in-archaeological-maize
Poster,P24,./generated_poster_list.html#p24-genomic-basis-of-artificial-selection-revealed-in-two-high-oil-maize-populations
Poster,P25,./generated_poster_list.html#p25-harnessing-genetic-diversity-to-enhance-cold-stress-tolerance-in-maize-through-introgression-and-gene-expression-analysis
Poster,P26,./generated_poster_list.html#p26-harnessing-the-genetic-diversity-of-italian-traditional-maize-landraces-through-landscape-genomics
Poster,P27,./generated_poster_list.html#p27-homologous-chromosome-interactions-reshape-chromatin-accessibility-contribute-to-hybrid-vigor-in-maize
Poster,P28,./generated_poster_list.html#p28-identification-of-locally-adapted-loci-and-convergent-evolution-within-andropogoneae-species
Poster,P29,./generated_poster_list.html#p29-landscape-of-language-the-contribution-of-ethnolinguistics-to-mesoamerican-maize-genetic-diversity
Poster,P30,./generated_poster_list.html#p30-localized-stimulation-of-meiotic-crossovers-through-the-juxtaposition-of-heterozygous-and-homozygous-regions
Poster,P31,./generated_poster_list.html#p31-maize-landraces-are-not-distinct-populations-or-genetic-lineages
Poster,P32,./generated_poster_list.html#p32-pan-genome-and-ai-identify-causal-variants-for-maize-highland-adaptation
Poster,P33,./generated_poster_list.html#p33-quantifying-the-anthropogenic-effects-on-maize-genetic-diversity
Poster,P34,./generated_poster_list.html#p34-the-hapmap-of-tibet-landraces-reveals-the-genetic-mechanism-of-its-highland-adaptation
Poster,P35,./generated_poster_list.html#p35-the-mexmagic-population-explores-the-genetic-architecture-of-clinal-variation-in-mexican-native-maize
Poster,P36,./generated_poster_list.html#p36-the-pangenome-graph-construction-of-zea-genus
Poster,P37,./generated_poster_list.html#p37-trends-in-stomatal-density-and-size-in-maize-hybrids-representing-100-years-of-long-term-breeding-for-yield
Poster,P38,./generated_poster_list.html#p38-updates-on-silencing-of-the-ga1-reproductive-barrier
Poster,P39,./generated_poster_list.html#p39-we-found-a-hole-in-the-phenological-trait-space-of-maize-is-it-a-new-territory-for-future-adaptation
Poster,P40,./generated_poster_list.html#p40-a-duf1230-gene-confers-quantitative-resistance-to-southern-leaf-blight-and-gray-leaf-spot-in-maize
Poster,P41,./generated_poster_list.html#p41-a-genome-scale-model-tracks-how-arbuscular-mycorrhizal-symbiosis-mitigates-maize-n-deficiency-stress
Poster,P42,./generated_poster_list.html#p42-a-single-nucleotide-polymorphism-in-hlt1-enhances-maize-high-light-tolerance-and-adaptation-to-high-altitudes
Poster,P43,./generated_poster_list.html#p43-application-of-a-ternary-agrobacterium-mediated-transformation-system-coupled-with-morphogenesis-regulators-enables-efficient-genome-editing-in-temperate-and-tropical-maize
Poster,P44,./generated_poster_list.html#p44-booster-boosting-drought-tolerance-in-key-cereals-in-the-era-of-climate-change
Poster,P45,./generated_poster_list.html#p45-booster-engineering-regulatory-regions-to-improve-drought-tolerance-in-maize
Poster,P46,./generated_poster_list.html#p46-characterization-of-two-terpene-synthases-involved-in-maize-volatile-production
Poster,P47,./generated_poster_list.html#p47-characterization-of-the-maize-ustilago-maydis-interaction-in-a-warming-climate
Poster,P48,./generated_poster_list.html#p48-comparative-transcriptomic-analysis-of-low-temperature-stress-response-in-maize-zea-mays-l-at-ve-and-v3-growth-stages
Poster,P49,./generated_poster_list.html#p49-evidence-for-tor-linked-translational-reprogramming-during-proteome-rebalancing-in-opaque2-seeds
Poster,P50,./generated_poster_list.html#p50-exploring-the-relationship-between-cell-wall-genetics-and-mycorrhizal-symbiosis-in-maize-under-low-nitrogen-stress
Poster,P51,./generated_poster_list.html#p51-false-positive-lbd-interactions-in-yeast-one-hybrid-screens-a-plasmid-effect
Poster,P52,./generated_poster_list.html#p52-flavonoid-mediated-resistance-to-lepidopteran-pests-in-maize-operates-through-insect-gut-damage-and-microbiome-disruption
Poster,P53,./generated_poster_list.html#p53-from-herbivore-attack-to-parasitoid-attraction-how-a-bhlh-transcription-factor-modulates-defense-related-terpene-biosynthesis
Poster,P54,./generated_poster_list.html#p54-functional-analysis-of-genes-zmgar2-controlling-maize-kernel-dehydration-rate
Poster,P55,./generated_poster_list.html#p55-genetic-dissection-of-wrky125-and-lox4-reveals-lipid–hormone-defense-networks-against-fusarium-verticillioides-in-maize
Poster,P56,./generated_poster_list.html#p56-genetic-diversity-study-of-farmers'-maize-accessions-from-nigeria-revealed-by-morphological-traits-to-asses-environmental-impacts-and-ssr-markers
Poster,P57,./generated_poster_list.html#p57-genetic-interaction-between-gl15-and-fdl1-modulates-juvenile-cuticle-deposition-and-leaf-permeability-in-maize
Poster,P58,./generated_poster_list.html#p58-genome-editing-accelerates-flowering-in-tropical-maize
Poster,P59,./generated_poster_list.html#p59-genome-editing-of-gibberellin-biosynthetic-genes-alters-plant-architecture-in-tropical-maize-inbred-lines
Poster,P60,./generated_poster_list.html#p60-high-throughput-protein-protein-interaction-screening-reveals-pervasive-function-of-the-whole-maize-genome
Poster,P61,./generated_poster_list.html#p61-identification-and-characterization-of-molecular-drivers-of-nitrogen-remobilization-in-maize-during-grain-filling
Poster,P62,./generated_poster_list.html#p62-identification-and-functional-analysis-of-zm-rcc-controlling-leaf-rolling-in-maize
Poster,P63,./generated_poster_list.html#p63-identification-of-zea-mays-homologues-of-atvihs
Poster,P64,./generated_poster_list.html#p64-identification-of-transcription-factors-that-bind-to-moa-seq-motifs-using-the-yeast-1-hybrid-y1h-assay
Poster,P65,./generated_poster_list.html#p65-improved-soil-quality-confers-bacterial-resistance-against-rainfall-perturbations-to-mitigate-maize-yield-loss
Poster,P66,./generated_poster_list.html#p66-maize-carbohydrate-partitioning-defective1-cpd1-acts-independently-of-carbohydrate-partitioning-defective6-cpd6-in-regulating-callose-deposition-in-the-phloem
Poster,P67,./generated_poster_list.html#p67-maize-hex4-and-sh1-g-quadruplex-g4-dnas-function-in-human-viral-promoter-transcription
Poster,P68,"./generated_poster_list.html#p68-maize-root-gene-expression,-exudation,-and-the-diversity-of-rhizosphere-microorganisms-are-slightly-affected-by-moderate-soil-compaction-and-soil-structure"
Poster,P69,./generated_poster_list.html#p69-molecular-and-genetic-analysis-of-a-conserved-armadillo-repeat-motif-containing-protein-7-armc7-involved-in-u12-splicing
Poster,P70,./generated_poster_list.html#p70-molecular-and-genetic-basis-of-maize-cold-tolerance-and-high-latitude-adaptation
Poster,P71,./generated_poster_list.html#p71-nuclei-isolation-rfficiency-across-maize-inbred-lines
Poster,P72,./generated_poster_list.html#p72-overexpression-of-zmkrn8-elite-allele-enhances-kernel-row-number-and-kernel-yield-in-maize
Poster,P73,./generated_poster_list.html#p73-pen1-catalyzes-rna-primer-removal-during-plastid-dna-replication-in-maize
Poster,P74,"./generated_poster_list.html#p74-post-synthetic-cell-wall-modification-initiates-defense-signaling,-enhancing-resistance"
Poster,P75,./generated_poster_list.html#p75-regulation-of-aquaporin-expression-by-nac-and-hsf-transcription-factors
Poster,P76,./generated_poster_list.html#p76-root-structure--and-soil-texture-dependent-microbial-self-organization-in-the-rhizosphere-and-in-specific-endorhizosphere-cell-types-of-maize
Poster,P77,./generated_poster_list.html#p77-stress-tolerant-bacillus-and-paenibacillus-from-vellozia-spp-as-microbial-resources-for-improving-maize-phosphorus-use-and-drought-tolerance
Poster,P78,./generated_poster_list.html#p78-sucrose-transporters-expressed-in-the-endosperm-adjacent-to-the-embryo-eas-are-necessary-for-carbon-partitioning-and-embryo-growth
Poster,P79,./generated_poster_list.html#p79-systematic-exploration-of-transcription-factor-function-in-maize
Poster,P80,./generated_poster_list.html#p80-targeted-gbs-provides-an-efficient-way-to-characterize-haplotypic-diversity-and-allele-frequency-in-pooled-maize-landraces
Poster,P81,./generated_poster_list.html#p81-the-ja-induced-emission-of-volatiles-in-maize-is-negatively-influenced-by-a-bhlh-transcription-factor
Poster,P82,./generated_poster_list.html#p82-the-association-of-indels-with-meiotic-recombination-sites-in-maize
Poster,P83,"./generated_poster_list.html#p83-the-characterization-of-rna-binding-motif-protein-48-rbm48-in-u12-intron-splicing,-cellular-differentiation,-and-development"
Poster,P84,./generated_poster_list.html#p84-the-impact-of-the-maize-b-chromosome-on-transcriptome-during-plant-development
Poster,P85,./generated_poster_list.html#p85-the-maize-zmvps23l-and-zmfbk1-modulate-the-nlr-protein-rp1-d21-mediated-defense-response-by-changing-its-subcellular-localization
Poster,P86,./generated_poster_list.html#p86-the-role-of-the-root-microbiome-in-agronomically-important-traits-of-mexican-maize-varieties
Poster,P87,./generated_poster_list.html#p87-transcription-factors-and-regulation-of-aquaporin-expression-in-maize-stomatal-guard-cells-and-subsidiary-cells
Poster,P88,./generated_poster_list.html#p88-understanding-expression-dynamics-of-flowering-time-genes-from-a-gene-network-perspective
Poster,P89,./generated_poster_list.html#p89-xylem-sap-proteomics-reveals-defense-mechanisms-underlying-pierce’s-disease-tolerance-in-grapevines
Poster,P90,./generated_poster_list.html#p90-zmwakl-zmcpk39-synergistic-immunity-drives-super-additive-resistance-to-gray-leaf-spot-in-maize
Poster,P91,./generated_poster_list.html#p91-discovering-the-roles-of-feronia-like-receptor-kinase-genes-in-maize
Poster,P92,./generated_poster_list.html#p92-maize-transcription-factors-alter-meristem-size-and-shoot-architecture
Poster,P93,./generated_poster_list.html#p93-a-little-zipper–rolled-leaf1-regulatory-module-controls-polarity-in-maize-inflorescences
Poster,P94,./generated_poster_list.html#p94-a-tri-peptide-signaling-mechanisms-regulates-pollen-tube-growth-and-guidance-during-double-fertilization-in-maize
Poster,P95,./generated_poster_list.html#p95-a-nuclear-role-of-ramosa3-in-inflorescence-branching-independent-of-its-enzymatic-function
Poster,P96,./generated_poster_list.html#p96-a-receptor-like-kinase-heterotrimeric-g-protein-module-regulates-immune-responses-in-maize
Poster,P97,./generated_poster_list.html#p97-a-strategy-for-synthetic-biology-of-large-genome-grasses
Poster,P98,./generated_poster_list.html#p98-a-trypsin-like-serine-protease-zmnal1a-fine-tunes-maize-floral-transition-and-flowering-time
Poster,P99,./generated_poster_list.html#p99-arftf17-regulates-dent-and-flint-kernel-architecture-in-maize
Poster,P100,./generated_poster_list.html#p100-arftf17-regulates-dent-and-flint-kernel-architecture-in-maize
Poster,P101,./generated_poster_list.html#p101-advances-at-the-wisconsin-crop-innovation-center-to-enable-maize-research
Poster,P102,./generated_poster_list.html#p102-an-α-l-fucosidase-wilting-leaf-1-maintains-maize-abiotic-stress-resistance-by-regulating-vascular-development
Poster,P103,./generated_poster_list.html#p103-antagonistic-transcription-factors-regulate-antisymmetric-wrapping-in-grass-leaves
Poster,P104,./generated_poster_list.html#p104-blurring-the-line-blade-sheath-boundaries-and-the-extended-auricle1-mutant
Poster,P105,./generated_poster_list.html#p105-boundary-issues-investigating-the-role-of-liguleless-2-in-maize-leaf-development
Poster,P106,./generated_poster_list.html#p106-characterization-of-a-novel-maize-mutant-with-altered-plant-architecture
Poster,P107,./generated_poster_list.html#p107-characterization-of-conserved-growth-promoting-cytochrome-p450-genes
Poster,P108,./generated_poster_list.html#p108-characterization-of-roothairless-7-in-maize
Poster,P109,./generated_poster_list.html#p109-characterization-of-grns-controlling-sam-signaling-centers
Poster,P110,./generated_poster_list.html#p110-characterization-of-a-novel-embryo-defective-mutant-affecting-embryo-endosperm-development-in-maize
Poster,P111,./generated_poster_list.html#p111-characterization-of-phenylboronic-acid-responsive-pathways-in-maize-zea-mays-l
Poster,P112,./generated_poster_list.html#p112-cold-induced-transcriptomic-diversity-in-epidermis-of-maize-different-root-types
Poster,P113,./generated_poster_list.html#p113-comprehensive-phenotypic-and-transcriptomic-analyses-reveal-multiple-defects-in-the-maize-dwarf-mutant-dizzy1
Poster,P114,./generated_poster_list.html#p114-development-of-efficient-haploid-inducers-of-fast-flowering-mini-maize
Poster,P115,./generated_poster_list.html#p115-developmental-and-environmental-control-of-genetic-interactions-between-grfs-and-tcps
Poster,P116,./generated_poster_list.html#p116-difference-in-variation-in-root-anatomy-along-the-longitudinal-axis-between-maize-and-temperate-cereal-crops
Poster,P117,./generated_poster_list.html#p117-disrupted-gamete-interaction-in-maize-gex2-mutants-biases-fertilization-toward-egg-cell-only-fertilization-and-promotes-heterofertilization
Poster,P118,./generated_poster_list.html#p118-dissecting-the-gene-regulatory-networks-controlling-maize-nucellus-degeneration
Poster,P119,./generated_poster_list.html#p119-dissecting-the-boron-deficiency-response-of-maize-roots-using-phenylboronic-acid
Poster,P120,./generated_poster_list.html#p120-esr-localized-cle-peptides-regulate-maize-embryonic-symmetric-patterning
Poster,P121,./generated_poster_list.html#p121-early-patterning-and-morphogenesis-of-the-maize-embryo
Poster,P122,./generated_poster_list.html#p122-effector-driven-developmental-reprogramming-during-ustilago-maydis–induced-gall-formation
Poster,P123,./generated_poster_list.html#p123-embryo-derived-signaling-regulates-nutrient-allocation-in-maize-kernels
Poster,P124,./generated_poster_list.html#p124-exploring-the-spatial-dynamics-of-root-cortical-barriers-in-maize-stress-responses
Poster,P125,./generated_poster_list.html#p125-genome-editing-efficiency-during-haploid-induction-is-maximized-through-cenh3-mediated-genome-elimination
Poster,P126,./generated_poster_list.html#p126-grafting-in-maize
Poster,P127,./generated_poster_list.html#p127-heat-stress-at-tricellular-stage-hinders-maize-pollen-dehiscence
Poster,P128,"./generated_poster_list.html#p128-high-resolution,-stage-specific-single-cell-atlas-reveals-meristem-transitions-in-maize-inflorescence-development"
Poster,P129,./generated_poster_list.html#p129-how-to-reproducibly-pattern-a-meristem-despite-size-variability
Poster,P130,"./generated_poster_list.html#p130-integrating-replication-timing,-transcriptional-activity,-and-3d-genome-organization-in-maize"
Poster,P131,./generated_poster_list.html#p131-leaf-based-transformation-as-a-strategy-for-the-genetic-transformation-of-tropical-maize-lines
Poster,P132,./generated_poster_list.html#p132-linking-carbon-metabolism-to-meiotic-entry-in-maize-anthers-from-bulk-to-single-cell-resolution
Poster,P133,./generated_poster_list.html#p133-maize-baby-boom-transcription-factors-initiate-parthenogenesis-and-embryonic-patterning
Poster,P134,./generated_poster_list.html#p134-maize-development-under-boron-deficient-field-conditions-is-the-benzoxazinoid-pathway-a-target-for-improvement
Poster,P135,./generated_poster_list.html#p135-modulation-of-host-gene-expression-via-fungal-transactivation-effectors-taes
Poster,P136,./generated_poster_list.html#p136-molecular-mechanisms-modulating-growth-suppression-in-maize
Poster,P137,./generated_poster_list.html#p137-multiplex-rca-fish-facilitates-to-visualize-cell-type-spatial-patterns-of-maize-inflorescence
Poster,P138,./generated_poster_list.html#p138-nodal-root-anatomical-variation-and-allometric-scaling-in-wheat
Poster,P139,"./generated_poster_list.html#p139-northern-teosinte---the-artificial-teosinte,-which-defies-daylength-limitations"
Poster,P140,./generated_poster_list.html#p140-pcd1-controls-kernel-filling-by-promoting-differentiation-and-cell-death-in-the-placenta-chalazal-region
Poster,P141,./generated_poster_list.html#p141-rapid-and-selective-peri-germ-cell-membrane-breakdown-during-double-fertilization
Poster,P142,./generated_poster_list.html#p142-single-cell-transcriptomic-profiling-of-a-maize-ploidy-series-with-enhanced-photosynthetic-capacity
Poster,P143,./generated_poster_list.html#p143-spatial-regulation-of-cell-wall-remodeling-shapes-maize-digestibility-under-drought
Poster,P144,./generated_poster_list.html#p144-spatiotemporal-transcriptomics-reveals-zmgras90-as-an-early-determinant-of-maize-aleurone-and-basal-endosperm-fate-specification
Poster,P145,./generated_poster_list.html#p145-supervised-clustering-sheds-light-on-the-developmental-trajectories-of-young-inflorescence-in-barley
Poster,P146,./generated_poster_list.html#p146-the-eal1-peptide-controls-embryonic-meristem-initiation-in-maize
Poster,P147,./generated_poster_list.html#p147-the-cis-regulatory-evolution-of-grassy-tillers1-gt1
Poster,P148,./generated_poster_list.html#p148-the-combination-of-morphogenic-regulators-baby-boom-and-grf-gif-improves-maize-transformation-efficiency
Poster,P149,./generated_poster_list.html#p149-the-distributive-germline-a-developmental-strategy-to-restrict-the-spread-of-new-mutations
Poster,P150,./generated_poster_list.html#p150-the-peri-germ-cell-membrane-a-gateway-to-haploid-embryo-induction
Poster,P151,./generated_poster_list.html#p151-the-role-of-zmarf28-in-leaf-initiation-and-development-in-maize
Poster,P152,./generated_poster_list.html#p152-transcriptomic-control-of-heterosis-manifestation-during-lateral-root-initiation-in-maize
Poster,P153,./generated_poster_list.html#p153-transformation-and-genome-editing-of-the-maize-model-line-gaspé-flint-111
Poster,P154,./generated_poster_list.html#p154-two-semi-dominant-mutants-acting-in-a-common-pathway-regulate-maize-leaf-angle
Poster,P155,./generated_poster_list.html#p155-feminized-upright-narrow1-is-a-novel-nuclear-disordered-protein-that-mediates-brassinosteroid-and-oxylipin-biosynthesis
Poster,P156,./generated_poster_list.html#p156-ai-ready-genomics-and-multi-omic-functional-annotation-at-maizegdb
Poster,P157,./generated_poster_list.html#p157-using-the-maizegdb-genome-browser-to-evaluate-gene-model-annotation-quality-and-gain-functional-insights
Poster,P158,./generated_poster_list.html#p158-benchmarking-software-tools-for-identifying-common-plant-metabolites-in-lc-ms-datasets
Poster,P159,./generated_poster_list.html#p159-beyond-chromatin-dna-replication-timing-becomes-a-novel-determinant-of-meiotic-recombination-landscapes
Poster,P160,./generated_poster_list.html#p160-decoding-the-agronomic-genome-foundation-models-for-precision-trait-discovery
Poster,P161,./generated_poster_list.html#p161-evolutionary-dynamics-and-co-adaptation-of-root-traits-and-microbiome-function-in-poaceae-drought-tolerance
Poster,P162,./generated_poster_list.html#p162-exploring-the-maize-transcriptional-regulatory-landscape-through-large-scale-profiling-of-transcription-factor-binding-sites
Poster,P163,./generated_poster_list.html#p163-genes-driving-maize-stem-responses-to-water-deficit-from-expression-to-phenotype
Poster,P164,./generated_poster_list.html#p164-genome-assembly-and-flowering-time-regulation-in-the-model-maize-line-gaspé-flint-111
Poster,P165,./generated_poster_list.html#p165-haiant-symbiotic-integration-between-humans-and-artificial-intelligence
Poster,P166,./generated_poster_list.html#p166-high-throughput-quantification-of-midrib-color-for-lignin-related-trait-mapping-in-sorghum
Poster,P167,./generated_poster_list.html#p167-integrating-proteomics-data-into-a-genome-scale-metabolic-model-to-predict-metabolic-fluxes-in-maize-leaf
Poster,P168,./generated_poster_list.html#p168-machine-learning-for-removal-of-technical-bias-signals-in-high-throughput-transcriptomics-datasets
Poster,P169,./generated_poster_list.html#p169-maize-genomic-prediction-integrating-genomics-and-transcriptomics-for-trait-analysis
Poster,P170,"./generated_poster_list.html#p170-missing-heritability-of-6-ecophysiological-traits-of-maize-in-response-to-water-deficit-captured-by-integration-of-phenomic,-proteomic,-and-genomic-data"
Poster,P171,"./generated_poster_list.html#p171-model,-predict,-generate-the-utility-of-machine-learning-models-in-angiosperm-genomics"
Poster,P172,"./generated_poster_list.html#p172-phylogenetic-study-of-helitron-polymorphism-in-fungi,-plantae,-or-animalia-kingdoms"
Poster,P173,./generated_poster_list.html#p173-plastochron-regulation-in-maize-spatial-transcriptomics-reveals-transcriptional-changes-in-the-plastochron1-mutant
Poster,P174,./generated_poster_list.html#p174-predicted-protein-3d-structures-provide-essential-insights-into-the-genetic-architecture-underlying-phenotypic-diversity-in-maize
Poster,P175,./generated_poster_list.html#p175-predicting-complex-phenotypes-using-multi-omics-data-in-maize
Poster,P176,./generated_poster_list.html#p176-regulatory-response-of-maize-to-water-deficit-mediated-by-cis-regulatory-elements
Poster,P177,./generated_poster_list.html#p177-shortcuts-to-success-how-large-scale-genotyping-benefits-the-maize-community
Poster,P178,./generated_poster_list.html#p178-the-breeding-trends-of-2060-widly-planting-commercial-maize-hybrids-in-china
Poster,P179,./generated_poster_list.html#p179-towards-next-generation-bioinoculants-machine-learning-assisted-characterization-of-pgpb-for-maize
Poster,P180,./generated_poster_list.html#p180-cytogenetic-analyses-of-mutants-of-class-i-and-class-ii-crossover-regulators-in-maize
Poster,P181,./generated_poster_list.html#p181-engineering-a-maize-mini-b-chromosome-as-a-platform-for-site-specific-gene-integration
Poster,P182,./generated_poster_list.html#p182-genome-wide-investigation-of-recombination-in-the-presence-of-maize-b-chromosomes
Poster,P183,./generated_poster_list.html#p183-inheritance-and-segregation-of-heterochromatic-knobs-in-an-f2-progeny-from-highly-endogamic-inbred-lines
Poster,P184,./generated_poster_list.html#p184-maize-knob-heterochromatin-and-chromosomal-features-a-cytoinformatics-framework
Poster,P185,./generated_poster_list.html#p185-mapping-the-second-trans-acting-factors-required-for-the-b-chromosome-nondisjunction
Poster,P186,./generated_poster_list.html#p186-molecular-analysis-of-barbara-mcclintock's-tiny-fragment-chromosome
Poster,P187,./generated_poster_list.html#p187-neotelomere-formation-in-maize
Poster,P188,./generated_poster_list.html#p188-zyp1-mediates-synaptonemal-complex-assembly-and-ensures-crossover-assurance-in-maize
Poster,P189,./generated_poster_list.html#p189-digitizing-maize-cytogenetics-history-female-meiosis-and-fertilization
Poster,P190,"./generated_poster_list.html#p190-maize-genome-editing-and-genetic-transformation-platform-in-lyon,-france"
Poster,P191,./generated_poster_list.html#p191-popcorn-the-origin-of-maize-and-the-future-of-science-education
Poster,P192,./generated_poster_list.html#p192-redesigning-nitrogen-flow-in-grass-dominated-food-systems
Poster,P193,./generated_poster_list.html#p193-the-si-mi-mentoring-program-a-resource-for-guiding-effective-mentorship-in-the-plant-sciences-community
Poster,P194,./generated_poster_list.html#p194-a-dynamic-genotype-environment-integration-approach-decodes-the-genetic-basis-of-phenotypic-plasticity-in-maize
Poster,P195,./generated_poster_list.html#p195-a-research-tool-for-the-study-of-endosperm-mutants-in-sweet-corn-zea-mays-l
Poster,P196,./generated_poster_list.html#p196-adaptive-plasticity-of-root-system-architecture-as-a-response-to-nitrogen-availability-drives-yield-gain-over-time-in-us-maize-hybrids
Poster,P197,./generated_poster_list.html#p197-assembly-and-function-of-rhizosphere-microbiome-under-drought-stress-during-heterosis-manifestation-in-maize
Poster,P198,./generated_poster_list.html#p198-bridging-air-and-soil-adaptive-variation-of-maize-brace-roots-in-contrasting-environments
Poster,P199,./generated_poster_list.html#p199-cerca---circular-economy-that-reimagines-corn-agriculture
Poster,P200,./generated_poster_list.html#p200-categorical-and-quantitative-approaches-for-evaluating-maize-yield-response-to-nitrogen
Poster,P201,./generated_poster_list.html#p201-combining-canopy-architecture-and-plot-orientation-to-optimize-light-interception-and-distribution-for-improved-maize-grain-yield
Poster,P202,./generated_poster_list.html#p202-comparative-analysis-of-us-ex-pvp-and-“zemun-polje”-commercial-maize-inbred-lines-using-a-25k-snp-array
Poster,P203,./generated_poster_list.html#p203-cutting-back-on-canopy-tailoring-plant-architecture-for-the-agronomic-management-strategies-of-tomorrow-with-a-novel-genetic-modifier
Poster,P204,./generated_poster_list.html#p204-decomposing-complex-traits-in-maize-without-prior-knowledge
Poster,P205,./generated_poster_list.html#p205-designing-interpretable-ai-models-to-identify-drivers-of-maize-phenotypic-plasticity
Poster,P206,./generated_poster_list.html#p206-dissecting-genetic-diversity-and-flowering-related-traits-in-italian-maize-lines-through-gwas
Poster,P207,./generated_poster_list.html#p207-diverse-defense-responses-of-sorghum-and-corn-to-non-adapted-rust-pathogens
Poster,P208,./generated_poster_list.html#p208-do-we-need-dedicated-maize-varieties-for-perennial-groundcover-systems
Poster,P209,./generated_poster_list.html#p209-drought-tolerance-classification-using-unmanned-aerial-systems-with-rgb-and-multispectral-data
Poster,P210,./generated_poster_list.html#p210-dynamic-calibration-of-maize-growth-model-for-enhanced-decision-making-in-breeding-and-production
Poster,P211,./generated_poster_list.html#p211-engineering-maize-root-architecture-via-targeted-genome-editing-of-root-regulatory-genes
Poster,P212,./generated_poster_list.html#p212-engineering-synthetic-apomixis-in-maize
Poster,P213,./generated_poster_list.html#p213-evaluation-of-drought-tolerance–related-traits-in-native-maize-populations-from-the-northeast-of-mexico
Poster,P214,"./generated_poster_list.html#p214-evaluation-of-morphological-and-reproductive-traits-associated-with-drought-tolerance-in-native-maize-populations-from-the-state-of-coahuila,-mexico"
Poster,P215,./generated_poster_list.html#p215-expanding-the-use-of-biodiversity-to-safeguard-future-maize-production
Poster,P216,./generated_poster_list.html#p216-from-phenotypic-tradition-to-genomic-precision-maize-dus-20
Poster,P217,./generated_poster_list.html#p217-genetic-analysis-and-gene-cloning-of-maize-waterlogging-tolerant-germplasm-resource-material-hz32
Poster,P218,./generated_poster_list.html#p218-genetic-and-molecular-analyses-of-european-maize-landrace-for-resistance-to-fusarium-stalk-rot
Poster,P219,./generated_poster_list.html#p219-genetic-basis-of-leaf-orientation-responsiveness-and-yield-stability-in-maize-zea-mays-under-contrasting-row-spacing-and-cover-crop-management
Poster,P220,./generated_poster_list.html#p220-genetic-dissection-of-the-deep-phenotype-for-nitrogen-use-efficiency-in-maize
Poster,P221,./generated_poster_list.html#p221-genetic-diversity-and-identification-of-qtls-for-low-nitrogen-in-maize-doubled-haploid-lines-dhls
Poster,P222,./generated_poster_list.html#p222-genetic-mechanism-analysis-for-spontaneous-haploid-genome-doubling-in-maize
Poster,P223,./generated_poster_list.html#p223-genetic-pleiotropy-in-sorghum-using-a-503-trait-meta-analysis-spanning-18-years-of-studies
Poster,P224,./generated_poster_list.html#p224-genome-wide-response-to-divergent-selection-on-vegetative-phase-change-in-maize
Poster,P225,./generated_poster_list.html#p225-genomic-characterization-of-aafc’s-historical-maize-inbred-lines-and-their-application-in-gwas
Poster,P226,./generated_poster_list.html#p226-global-genetic-dissection-of-maize-teosinte-divergence-reveals-el3-2-as-a-pleiotropic-domestication-regulator
Poster,P227,./generated_poster_list.html#p227-how-well-do-gwas-methods-perform-on-twas-data
Poster,P228,./generated_poster_list.html#p228-identification-and-fine-mapping-of-quantitative-trait-loci-for-anthesis-silking-interval-in-maize
Poster,P229,./generated_poster_list.html#p229-impact-of-spontaneous-haploid-genome-doubling-on-haploid-induction-in-maize-haploid-inducers
Poster,P230,./generated_poster_list.html#p230-insights-into-the-biocontrol-potential-of-burkholderia-gladioli-b22-against-maize-stalk-rot-and-promoting-growth
Poster,P231,./generated_poster_list.html#p231-integrating-genomic-prediction-and-offset-using-dna-pool-genotyping-to-assess-maize-landrace-adaptation-and-select-accessions-for-pre-breeding
Poster,P232,./generated_poster_list.html#p232-ion-know-which-genes-control-elemental-traits!
Poster,P233,./generated_poster_list.html#p233-k-mer-based-gwas-as-a-complementary-approach-to-traditional-gwas-across-maize-and-sorghum-genomes
Poster,P234,./generated_poster_list.html#p234-leveraging-transcriptomic-modulation-to-enhance-genomic-prediction-of-hybrid-performance-across-environments
Poster,P235,./generated_poster_list.html#p235-long-term-selection-reshapes-the-maize-genome-by-elevating-standing-and-rare-beneficial-variants-to-drive-sustained-gains-in-kernel-oil-content
Poster,P236,./generated_poster_list.html#p236-map-based-cloning-identifies-two-qtl-genes-for-synergistic-control-of-husk-number-in-maize
Poster,P237,./generated_poster_list.html#p237-mining-allelic-diversity-of-maize-landraces-for-abiotic-and-biotic-stresses
Poster,P238,./generated_poster_list.html#p238-modeling-spatiotemporal-variation-in-genotype-by-environment-interactions-of-maize-flowering-time
Poster,P239,./generated_poster_list.html#p239-molecular-mechanism-of-maize-qel308-regulating-trehalose-metabolism-and-its-impact-on-ear-development
Poster,P240,./generated_poster_list.html#p240-multi-trait-synergic-selection-by-integrating-prior-genetic-and-environmental-information-in-crop-breeding
Poster,P241,./generated_poster_list.html#p241-multi-view-blup-a-promising-solution-for-post-omics-data-integrative-prediction
Poster,P242,./generated_poster_list.html#p242-natural-variation-of-liguleless1-promoter-bound-by-zmbhlh-narrows-maize-leaf-angle
Poster,P243,./generated_poster_list.html#p243-optimization-of-diabrotica-resistance-in-maize-by-enhanced-nematode-attraction
Poster,P244,./generated_poster_list.html#p244-parsing-genotype-interaction-effects-to-understand-the-genetic-architecture-of-maize-cuticular-wax-accumulation-across-environments
Poster,P245,./generated_poster_list.html#p245-phenotypic-analysis-of-transgenic-maize-events-under-water-stress-conditions
Poster,P246,./generated_poster_list.html#p246-phenotypic-characterization-of-us-maize-heirlooms
Poster,P247,./generated_poster_list.html#p247-plant–microorganism-interactions-as-novel-screening-criteria-in-maize-varietal-registration
Poster,P248,./generated_poster_list.html#p248-population-scale-rna-sequencing-reveals-host-genetic-control-of-phyllosphere-fungal-communities
Poster,P249,./generated_poster_list.html#p249-predicting-biomass-in-drought-stressed-young-maize-plants-with-machine-learning-using-genomic-and-phenomic-data
Poster,P250,./generated_poster_list.html#p250-quantitative-assessment-of-heterosis-and-combining-ability-for-strategic-hybrid-breeding-in-maize-for-silage
Poster,P251,./generated_poster_list.html#p251-rhizosheath-inhabiting-massilia-are-linked-to-heterosis-in-roots-of-maize
Poster,P252,./generated_poster_list.html#p252-roadmaps-to-rhizosphere-nitrogen-retention-breeding-crops-for-microbiome-associated-phenotypes
Poster,P253,./generated_poster_list.html#p253-rooting-for-ecosystem-services-through-haplotype-analysis
Poster,P254,./generated_poster_list.html#p254-screening-of-maize-photosynthetic-responses-at-low-temperatures-and-high-light
Poster,P255,./generated_poster_list.html#p255-seeking-the-molecular-drivers-of-hidden-chilling-susceptibility-in-maize
Poster,P256,./generated_poster_list.html#p256-single-cell-transcriptomics-reveals-cell-type-specific-signatures-of-heterosis-in-early-roots-of-maize
Poster,P257,./generated_poster_list.html#p257-sources-of-transcriptomic-variation-in-modern-maize
Poster,P258,./generated_poster_list.html#p258-stable-phenotypic-shade-avoidance-responses-to-low-red/far-red-ratio-and-shifting-resource-use-strategies-in-maize-hybrids-representing-100-years-of-long-term-breeding-for-yield
Poster,P259,./generated_poster_list.html#p259-systems-level-plant-microbiome-transcriptomics-to-explore-maize-and-rhizosphere-interactions-underlying-heat-stress-response
Poster,P260,./generated_poster_list.html#p260-temporal-2d–3d-phenotyping-reveals-dynamic-maize-architectural-development-across-the-growth-cycle
Poster,P261,./generated_poster_list.html#p261-the-complementarity-of-ex-pvp-temperate-and-tropical-lines-in-enhancing-grain-yield-in-tropical-environments
Poster,P262,"./generated_poster_list.html#p262-the-cornbox,-an-effective-platform-for-improving-nitrogen-utilization-in-us-corn-belt-maize"
Poster,P263,./generated_poster_list.html#p263-the-pheno_maize-project-uav-based-high-throughput-phenotyping-to-support-decision-making-in-maize-breeding
Poster,P264,"./generated_poster_list.html#p264-the-combination-of-linkage-mapping,-genome-wide-association-study,-and-dynamic-transcriptome-analysis-reveals-conserved-candidate-genes-for-salt-tolerance-in-maize"
Poster,P265,./generated_poster_list.html#p265-the-effect-of-selection-on-allele-frequencies-and-diversity-in-wheat-triticum-aestivum
Poster,P266,./generated_poster_list.html#p266-the-genetic-architecture-of-acyl-lipid-traits-in-maize-kernel-and-leaf
Poster,P267,./generated_poster_list.html#p267-understanding-the-morpho-physiological-framework-of-ear-flex-for-improving-yield-and-yield-stability-in-maize
Poster,P268,./generated_poster_list.html#p268-unlocking-sugar-potential-evaluating-sugar-content-of-waxy1/shrunken2-i-hybrids
Poster,P269,./generated_poster_list.html#p269-vegetation-indices-including-soil-confound-plant-health-and-canopy-cover-multi-environment-analysis-of-maize-temporal-progression
Poster,P270,./generated_poster_list.html#p270-zmnags-enhances-maize-kernel-size-and-grain-yield-through-increasing-photosynthesis-and-starch-content
Poster,P271,./generated_poster_list.html#p271-qgsr202-confers-recessive-resistance-to-stalk-rot-and-ear-rot-in-maize
Keynote,KS1,./generated_keynote_list.html#ks1-genome-regulation-going-loopy-studying-enhancer-promoter-interactions---a-view-from-metazoans
Keynote,KS2,./generated_keynote_list.html#ks2-the-cell-biology-of-genetics
Keynote,KS3,./generated_keynote_list.html#ks3-towards-a-blueprint-for-growth-regulation
Keynote,KS4,"./generated_keynote_list.html#ks4-to-clone-or-not-to-clone-qtls-20-years-on---progress,-pitfalls,-and-future-directions"
Keynote,KS5,./generated_keynote_list.html#ks5-bridging-plant-communication-and-inclusive-community-networks
Keynote,M1,./generated_keynote_list.html#m1-single-cell-and-spatial-genomics-of-plant
Lightning,L1,./generated_lightning_list.html#l1-genetic-interaction-between-gl15-and-fdl1-modulates-juvenile-cuticle-deposition-and-leaf-permeability-in-maize
Lightning,L2,./generated_lightning_list.html#l2-identification-and-characterization-of-molecular-drivers-of-nitrogen-remobilization-in-maize-during-grain-filling
Lightning,L3,./generated_lightning_list.html#l3-understanding-expression-dynamics-of-flowering-time-genes-from-a-gene-network-perspective
Lightning,L4,./generated_lightning_list.html#l4-application-of-a-ternary-agrobacterium-mediated-transformation-system-coupled-with-morphogenesis-regulators-enables-efficient-genome-editing-in-temperate-and-tropical-maize
Lightning,L5,./generated_lightning_list.html#l5-spatiotemporal-transcriptomics-reveals-zmgras90-as-an-early-determinant-of-maize-aleurone-and-basal-endosperm-fate-specification
Lightning,L6,./generated_lightning_list.html#l6-how-to-reproducibly-pattern-a-meristem-despite-size-variability
Lightning,L7,./generated_lightning_list.html#l7-disrupted-gamete-interaction-in-maize-gex2-mutants-biases-fertilization-toward-egg-cell-only-fertilization-and-promotes-heterofertilization
Lightning,L8,./generated_lightning_list.html#l8-effector-driven-developmental-reprogramming-during-ustilago-maydis–induced-gall-formation
Lightning,L9,./generated_lightning_list.html#l9-spatial-regulation-of-cell-wall-remodeling-shapes-maize-digestibility-under-drought
Lightning,L10,./generated_lightning_list.html#l10-linking-carbon-metabolism-to-meiotic-entry-in-maize-anthers-from-bulk-to-single-cell-resolution
Lightning,L11,./generated_lightning_list.html#l11-plastochron-regulation-in-maize-spatial-transcriptomics-reveals-transcriptional-changes-in-the-plastochron1-mutant
Lightning,L12,./generated_lightning_list.html#l12-genome-wide-investigation-of-recombination-in-the-presence-of-maize-b-chromosomes
Lightning,L13,./generated_lightning_list.html#l13-engineering-a-maize-mini-b-chromosome-as-a-platform-for-site-specific-gene-integration
Lightning,L14,./generated_lightning_list.html#l14-cytogenetic-analyses-of-mutants-of-class-i-and-class-ii-crossover-regulators-in-maize
Lightning,L15,./generated_lightning_list.html#l15-homologous-chromosome-interactions-reshape-chromatin-accessibility-contribute-to-hybrid-vigor-in-maize
Lightning,L16,./generated_lightning_list.html#l16-localized-stimulation-of-meiotic-crossovers-through-the-juxtaposition-of-heterozygous-and-homozygous-regions
Lightning,L17,./generated_lightning_list.html#l17-pan-genome-and-ai-identify-causal-variants-for-maize-highland-adaptation
Lightning,L18,./generated_lightning_list.html#l18-convergent-genome--and-gene-level-constraints-shape-repeated-environmental-adaptation-in-grasses
Lightning,L19,./generated_lightning_list.html#l19-do-we-need-dedicated-maize-varieties-for-perennial-groundcover-systems
Lightning,L20,./generated_lightning_list.html#l20-from-phenotypic-tradition-to-genomic-precision-maize-dus-20
Lightning,L21,./generated_lightning_list.html#l21-single-cell-transcriptomics-reveals-cell-type-specific-signatures-of-heterosis-in-early-roots-of-maize
Lightning,L22,./generated_lightning_list.html#l22-a-dynamic-genotype-environment-integration-approach-decodes-the-genetic-basis-of-phenotypic-plasticity-in-maize
Lightning,L23,./generated_lightning_list.html#l23-population-scale-rna-sequencing-reveals-host-genetic-control-of-phyllosphere-fungal-communities
Lightning,L24,./generated_lightning_list.html#l24-quantitative-assessment-of-heterosis-and-combining-ability-for-strategic-hybrid-breeding-in-maize-for-silage
Lightning,L25,./generated_lightning_list.html#l25-temporal-2d–3d-phenotyping-reveals-dynamic-maize-architectural-development-across-the-growth-cycle
Lightning,L26,./generated_lightning_list.html#l26-qgsr202-confers-recessive-resistance-to-stalk-rot-and-ear-rot-in-maize
Lightning,L27,./generated_lightning_list.html#l27-phenotypic-characterization-of-us-maize-heirlooms
Lightning,L28,./generated_lightning_list.html#l28-predicting-biomass-in-drought-stressed-young-maize-plants-with-machine-learning-using-genomic-and-phenomic-data
Lightning,L29,./generated_lightning_list.html#l29-characterization-of-two-epigenetically-regulated-abi3-vp1-transcription-factors-in-zea-mays-maize
Lightning,L30,./generated_lightning_list.html#l30-detecting-activity-of-hopscotch-family-long-terminal-repeat-retrotransposons-in-zea-mays
